[{"model": "admin.logentry", "pk": 1, "fields": {"action_time": "2020-09-01T16:59:28.303Z", "user": 2, "content_type": 9, "object_id": "1", "object_repr": "lesson2", "action_flag": 1, "change_message": "[{\"added\": {}}]"}}, {"model": "admin.logentry", "pk": 2, "fields": {"action_time": "2020-09-01T17:00:21.458Z", "user": 2, "content_type": 14, "object_id": "1", "object_repr": "Consider the example where I = I. It's the same thing as saying 1 = 1, which is always true! What would be a nontrivial answer to this problem?", "action_flag": 1, "change_message": "[{\"added\": {}}]"}}, {"model": "admin.logentry", "pk": 3, "fields": {"action_time": "2020-09-01T17:02:05.054Z", "user": 2, "content_type": 14, "object_id": "2", "object_repr": "str", "action_flag": 1, "change_message": "[{\"added\": {}}]"}}, {"model": "admin.logentry", "pk": 4, "fields": {"action_time": "2020-09-01T17:02:32.810Z", "user": 2, "content_type": 13, "object_id": "1", "object_repr": "What is the initial value of I?", "action_flag": 1, "change_message": "[{\"added\": {}}]"}}, {"model": "admin.logentry", "pk": 5, "fields": {"action_time": "2020-09-01T17:03:10.953Z", "user": 2, "content_type": 12, "object_id": "1", "object_repr": "0", "action_flag": 1, "change_message": "[{\"added\": {}}]"}}, {"model": "admin.logentry", "pk": 6, "fields": {"action_time": "2020-09-01T17:03:19.603Z", "user": 2, "content_type": 12, "object_id": "2", "object_repr": "Null", "action_flag": 1, "change_message": "[{\"added\": {}}]"}}, {"model": "admin.logentry", "pk": 7, "fields": {"action_time": "2020-09-01T17:03:31.327Z", "user": 2, "content_type": 12, "object_id": "3", "object_repr": "#I", "action_flag": 1, "change_message": "[{\"added\": {}}]"}}, {"model": "admin.logentry", "pk": 8, "fields": {"action_time": "2020-09-01T17:03:33.040Z", "user": 2, "content_type": 15, "object_id": "1", "object_repr": "Initial Value", "action_flag": 1, "change_message": "[{\"added\": {}}]"}}, {"model": "admin.logentry", "pk": 9, "fields": {"action_time": "2020-09-01T19:55:12.347Z", "user": 2, "content_type": 9, "object_id": "2", "object_repr": "code2", "action_flag": 1, "change_message": "[{\"added\": {}}]"}}, {"model": "admin.logentry", "pk": 10, "fields": {"action_time": "2020-09-01T19:55:19.308Z", "user": 2, "content_type": 11, "object_id": "1", "object_repr": "Lesson1", "action_flag": 1, "change_message": "[{\"added\": {}}]"}}, {"model": "admin.logentry", "pk": 11, "fields": {"action_time": "2020-09-01T19:55:37.591Z", "user": 2, "content_type": 11, "object_id": "2", "object_repr": "new", "action_flag": 1, "change_message": "[{\"added\": {}}]"}}, {"model": "admin.logentry", "pk": 12, "fields": {"action_time": "2020-09-01T19:55:54.318Z", "user": 2, "content_type": 16, "object_id": "1", "object_repr": "Tutor", "action_flag": 1, "change_message": "[{\"added\": {}}]"}}, {"model": "admin.logentry", "pk": 13, "fields": {"action_time": "2020-09-04T13:35:57.493Z", "user": 2, "content_type": 9, "object_id": "2", "object_repr": "Code1", "action_flag": 2, "change_message": "[{\"changed\": {\"fields\": [\"Code name\", \"Lesson code\"]}}]"}}, {"model": "admin.logentry", "pk": 14, "fields": {"action_time": "2020-09-04T13:36:36.093Z", "user": 2, "content_type": 14, "object_id": "3", "object_repr": ":= is the assignment operator", "action_flag": 1, "change_message": "[{\"added\": {}}]"}}, {"model": "admin.logentry", "pk": 15, "fields": {"action_time": "2020-09-04T13:36:57.565Z", "user": 2, "content_type": 14, "object_id": "4", "object_repr": "Relational operators are\r\n=, <, <=, >, >=", "action_flag": 1, "change_message": "[{\"added\": {}}]"}}, {"model": "admin.logentry", "pk": 16, "fields": {"action_time": "2020-09-04T13:38:01.629Z", "user": 2, "content_type": 11, "object_id": "1", "object_repr": "Lesson1", "action_flag": 2, "change_message": "[{\"changed\": {\"fields\": [\"Lesson title\", \"Instruction\", \"Reference set\"]}}]"}}, {"model": "admin.logentry", "pk": 17, "fields": {"action_time": "2020-09-04T13:38:47.439Z", "user": 2, "content_type": 9, "object_id": "1", "object_repr": "Code2", "action_flag": 2, "change_message": "[{\"changed\": {\"fields\": [\"Code name\", \"Lesson code\"]}}]"}}, {"model": "admin.logentry", "pk": 18, "fields": {"action_time": "2020-09-04T13:39:23.872Z", "user": 2, "content_type": 14, "object_id": "5", "object_repr": "At the place marked by Remember, values of variables such as I and J are assumed to be #I and #J.", "action_flag": 1, "change_message": "[{\"added\": {}}]"}}, {"model": "admin.logentry", "pk": 19, "fields": {"action_time": "2020-09-04T13:39:27.174Z", "user": 2, "content_type": 11, "object_id": "2", "object_repr": "Lesson2", "action_flag": 2, "change_message": "[{\"changed\": {\"fields\": [\"Lesson name\", \"Lesson title\", \"Instruction\", \"Reference set\"]}}]"}}, {"model": "admin.logentry", "pk": 20, "fields": {"action_time": "2020-09-04T13:40:24.004Z", "user": 2, "content_type": 16, "object_id": "1", "object_repr": "Tutor", "action_flag": 2, "change_message": "[]"}}, {"model": "admin.logentry", "pk": 21, "fields": {"action_time": "2020-09-04T13:40:44.333Z", "user": 2, "content_type": 4, "object_id": "2", "object_repr": "meg", "action_flag": 2, "change_message": "[{\"changed\": {\"fields\": [\"Email address\"]}}]"}}, {"model": "admin.logentry", "pk": 22, "fields": {"action_time": "2020-09-04T13:41:52.674Z", "user": 2, "content_type": 9, "object_id": "2", "object_repr": "Code1", "action_flag": 2, "change_message": "[]"}}, {"model": "admin.logentry", "pk": 23, "fields": {"action_time": "2020-09-04T13:43:31.354Z", "user": 2, "content_type": 16, "object_id": "1", "object_repr": "Tutor", "action_flag": 3, "change_message": ""}}, {"model": "admin.logentry", "pk": 24, "fields": {"action_time": "2020-09-04T13:43:40.383Z", "user": 2, "content_type": 16, "object_id": "2", "object_repr": "Tutor", "action_flag": 1, "change_message": "[{\"added\": {}}]"}}, {"model": "admin.logentry", "pk": 25, "fields": {"action_time": "2020-09-04T13:46:28.499Z", "user": 2, "content_type": 9, "object_id": "3", "object_repr": "Code2a", "action_flag": 1, "change_message": "[{\"added\": {}}]"}}, {"model": "admin.logentry", "pk": 26, "fields": {"action_time": "2020-09-04T13:49:32.265Z", "user": 2, "content_type": 14, "object_id": "6", "object_repr": "At the place marked by Remember, variable I is assumed to be #.", "action_flag": 1, "change_message": "[{\"added\": {}}]"}}, {"model": "admin.logentry", "pk": 27, "fields": {"action_time": "2020-09-04T13:49:58.114Z", "user": 2, "content_type": 11, "object_id": "3", "object_repr": "Lesson2a", "action_flag": 1, "change_message": "[{\"added\": {}}]"}}, {"model": "admin.logentry", "pk": 28, "fields": {"action_time": "2020-09-04T13:50:54.008Z", "user": 2, "content_type": 9, "object_id": "4", "object_repr": "Code2b", "action_flag": 1, "change_message": "[{\"added\": {}}]"}}, {"model": "admin.logentry", "pk": 29, "fields": {"action_time": "2020-09-04T13:51:43.947Z", "user": 2, "content_type": 11, "object_id": "4", "object_repr": "Lesson2b", "action_flag": 1, "change_message": "[{\"added\": {}}]"}}, {"model": "admin.logentry", "pk": 30, "fields": {"action_time": "2020-09-04T13:52:15.471Z", "user": 2, "content_type": 11, "object_id": "1", "object_repr": "Lesson1", "action_flag": 2, "change_message": "[{\"changed\": {\"fields\": [\"Simplify\", \"Self reference\", \"Use of concrete values\", \"Not using initial value\", \"Algebra\", \"Syntax\", \"Variable\"]}}]"}}, {"model": "admin.logentry", "pk": 31, "fields": {"action_time": "2020-09-04T13:52:41.236Z", "user": 2, "content_type": 11, "object_id": "1", "object_repr": "Lesson1", "action_flag": 2, "change_message": "[{\"changed\": {\"fields\": [\"Number of attempts\"]}}]"}}, {"model": "admin.logentry", "pk": 32, "fields": {"action_time": "2020-09-04T13:53:43.676Z", "user": 2, "content_type": 11, "object_id": "2", "object_repr": "Lesson2", "action_flag": 2, "change_message": "[{\"changed\": {\"fields\": [\"Number of attempts\", \"Correct\", \"Simplify\", \"Self reference\", \"Use of concrete values\", \"Not using initial value\", \"Algebra\", \"Syntax\", \"Variable\"]}}]"}}, {"model": "admin.logentry", "pk": 33, "fields": {"action_time": "2020-09-04T13:54:40.067Z", "user": 2, "content_type": 11, "object_id": "3", "object_repr": "Lesson2a", "action_flag": 2, "change_message": "[{\"changed\": {\"fields\": [\"Correct\", \"Simplify\", \"Self reference\", \"Use of concrete values\", \"Not using initial value\", \"Algebra\", \"Syntax\", \"Variable\"]}}]"}}, {"model": "admin.logentry", "pk": 34, "fields": {"action_time": "2020-09-04T13:56:47.258Z", "user": 2, "content_type": 11, "object_id": "1", "object_repr": "Lesson1", "action_flag": 2, "change_message": "[{\"changed\": {\"fields\": [\"Simplify\"]}}]"}}, {"model": "admin.logentry", "pk": 35, "fields": {"action_time": "2020-09-04T13:57:12.382Z", "user": 2, "content_type": 11, "object_id": "1", "object_repr": "Lesson1", "action_flag": 2, "change_message": "[{\"changed\": {\"fields\": [\"Self reference\", \"Use of concrete values\", \"Not using initial value\", \"Algebra\", \"Syntax\", \"Variable\"]}}]"}}, {"model": "admin.logentry", "pk": 36, "fields": {"action_time": "2020-09-04T14:06:46.060Z", "user": 2, "content_type": 11, "object_id": "1", "object_repr": "Lesson1", "action_flag": 2, "change_message": "[{\"changed\": {\"fields\": [\"Correct\"]}}]"}}, {"model": "admin.logentry", "pk": 37, "fields": {"action_time": "2020-09-04T14:08:02.505Z", "user": 2, "content_type": 11, "object_id": "2", "object_repr": "Lesson2", "action_flag": 2, "change_message": "[]"}}, {"model": "admin.logentry", "pk": 38, "fields": {"action_time": "2020-09-05T14:15:24.388Z", "user": 2, "content_type": 11, "object_id": "3", "object_repr": "Lesson2a", "action_flag": 2, "change_message": "[{\"changed\": {\"fields\": [\"Sub lessons available\", \"Number of attempts\"]}}]"}}, {"model": "admin.logentry", "pk": 39, "fields": {"action_time": "2020-09-05T14:15:37.912Z", "user": 2, "content_type": 15, "object_id": "1", "object_repr": "Initial Value", "action_flag": 2, "change_message": "[]"}}, {"model": "admin.logentry", "pk": 40, "fields": {"action_time": "2020-09-05T14:35:54.581Z", "user": 2, "content_type": 13, "object_id": "2", "object_repr": "In plain English, what is the purpose of this code?", "action_flag": 1, "change_message": "[{\"added\": {}}]"}}, {"model": "admin.logentry", "pk": 41, "fields": {"action_time": "2020-09-05T14:36:05.157Z", "user": 2, "content_type": 12, "object_id": "4", "object_repr": "First Option", "action_flag": 1, "change_message": "[{\"added\": {}}]"}}, {"model": "admin.logentry", "pk": 42, "fields": {"action_time": "2020-09-05T14:54:00.655Z", "user": 2, "content_type": 23, "object_id": "1", "object_repr": "I+J=(#I+1)+(#J-1);", "action_flag": 1, "change_message": "[{\"added\": {}}]"}}, {"model": "admin.logentry", "pk": 43, "fields": {"action_time": "2020-09-05T14:54:12.674Z", "user": 2, "content_type": 23, "object_id": "2", "object_repr": "I+J=#I+1+#J-1;", "action_flag": 1, "change_message": "[{\"added\": {}}]"}}, {"model": "admin.logentry", "pk": 44, "fields": {"action_time": "2020-09-05T14:54:19.843Z", "user": 2, "content_type": 23, "object_id": "3", "object_repr": "I+J=I+J;", "action_flag": 1, "change_message": "[{\"added\": {}}]"}}, {"model": "admin.logentry", "pk": 45, "fields": {"action_time": "2020-09-05T14:54:29.251Z", "user": 2, "content_type": 23, "object_id": "4", "object_repr": "I+J=J+I;", "action_flag": 1, "change_message": "[{\"added\": {}}]"}}, {"model": "admin.logentry", "pk": 46, "fields": {"action_time": "2020-09-05T14:54:36.815Z", "user": 2, "content_type": 23, "object_id": "5", "object_repr": "I+J=(I+1)+(J-1);", "action_flag": 1, "change_message": "[{\"added\": {}}]"}}, {"model": "admin.logentry", "pk": 47, "fields": {"action_time": "2020-09-05T14:54:43.742Z", "user": 2, "content_type": 23, "object_id": "6", "object_repr": "I+J=I+1+J-1;", "action_flag": 1, "change_message": "[{\"added\": {}}]"}}, {"model": "admin.logentry", "pk": 48, "fields": {"action_time": "2020-09-05T14:54:51.981Z", "user": 2, "content_type": 23, "object_id": "7", "object_repr": "I+J=0;", "action_flag": 1, "change_message": "[{\"added\": {}}]"}}, {"model": "admin.logentry", "pk": 49, "fields": {"action_time": "2020-09-05T14:54:56.875Z", "user": 2, "content_type": 23, "object_id": "8", "object_repr": "I+J=1;", "action_flag": 1, "change_message": "[{\"added\": {}}]"}}, {"model": "admin.logentry", "pk": 50, "fields": {"action_time": "2020-09-05T14:55:07.442Z", "user": 2, "content_type": 23, "object_id": "9", "object_repr": "I+J=-1;", "action_flag": 1, "change_message": "[{\"added\": {}}]"}}, {"model": "admin.logentry", "pk": 51, "fields": {"action_time": "2020-09-05T14:55:09.287Z", "user": 2, "content_type": 23, "object_id": "10", "object_repr": "I+J=2;", "action_flag": 1, "change_message": "[{\"added\": {}}]"}}, {"model": "admin.logentry", "pk": 52, "fields": {"action_time": "2020-09-05T14:55:15.514Z", "user": 2, "content_type": 23, "object_id": "11", "object_repr": "I+J=3;", "action_flag": 1, "change_message": "[{\"added\": {}}]"}}, {"model": "admin.logentry", "pk": 53, "fields": {"action_time": "2020-09-05T14:55:20.277Z", "user": 2, "content_type": 23, "object_id": "12", "object_repr": "I+J=4;", "action_flag": 1, "change_message": "[{\"added\": {}}]"}}, {"model": "admin.logentry", "pk": 54, "fields": {"action_time": "2020-09-05T14:56:11.225Z", "user": 2, "content_type": 23, "object_id": "13", "object_repr": "I+J=#I+#J+2;", "action_flag": 1, "change_message": "[{\"added\": {}}]"}}, {"model": "admin.logentry", "pk": 55, "fields": {"action_time": "2020-09-05T14:56:17.050Z", "user": 2, "content_type": 23, "object_id": "14", "object_repr": "I+J=#I;", "action_flag": 1, "change_message": "[{\"added\": {}}]"}}, {"model": "admin.logentry", "pk": 56, "fields": {"action_time": "2020-09-05T14:56:23.354Z", "user": 2, "content_type": 23, "object_id": "15", "object_repr": "I+J=(#I+1)+((#I+1)-1);", "action_flag": 1, "change_message": "[{\"added\": {}}]"}}, {"model": "admin.logentry", "pk": 57, "fields": {"action_time": "2020-09-05T14:56:33.713Z", "user": 2, "content_type": 23, "object_id": "16", "object_repr": "I+J=#I+#J", "action_flag": 1, "change_message": "[{\"added\": {}}]"}}, {"model": "admin.logentry", "pk": 58, "fields": {"action_time": "2020-09-05T15:06:27.659Z", "user": 2, "content_type": 11, "object_id": "2", "object_repr": "Lesson2", "action_flag": 2, "change_message": "[{\"changed\": {\"fields\": [\"Simplify answers\", \"Self reference answers\", \"Use of concrete values answers\", \"Not using initial value\", \"Algebra answers\", \"Variable answers\"]}}]"}}, {"model": "admin.logentry", "pk": 59, "fields": {"action_time": "2020-09-05T15:06:39.248Z", "user": 2, "content_type": 23, "object_id": "16", "object_repr": "I+J=#I+#J", "action_flag": 3, "change_message": ""}}, {"model": "admin.logentry", "pk": 60, "fields": {"action_time": "2020-09-05T15:13:58.440Z", "user": 2, "content_type": 11, "object_id": "2", "object_repr": "Lesson2", "action_flag": 2, "change_message": "[]"}}, {"model": "admin.logentry", "pk": 61, "fields": {"action_time": "2020-09-05T15:14:10.256Z", "user": 2, "content_type": 23, "object_id": "1", "object_repr": "I+J=(#I+1)+(#J-1);", "action_flag": 2, "change_message": "[]"}}, {"model": "admin.logentry", "pk": 62, "fields": {"action_time": "2020-09-05T15:14:16.962Z", "user": 2, "content_type": 23, "object_id": "3", "object_repr": "I+J=I+J;", "action_flag": 2, "change_message": "[{\"changed\": {\"fields\": [\"Answer type\"]}}]"}}, {"model": "admin.logentry", "pk": 63, "fields": {"action_time": "2020-09-05T15:14:23.460Z", "user": 2, "content_type": 23, "object_id": "4", "object_repr": "I+J=J+I;", "action_flag": 2, "change_message": "[{\"changed\": {\"fields\": [\"Answer type\"]}}]"}}, {"model": "admin.logentry", "pk": 64, "fields": {"action_time": "2020-09-05T15:14:34.859Z", "user": 2, "content_type": 23, "object_id": "5", "object_repr": "I+J=(I+1)+(J-1);", "action_flag": 2, "change_message": "[{\"changed\": {\"fields\": [\"Answer type\"]}}]"}}, {"model": "admin.logentry", "pk": 65, "fields": {"action_time": "2020-09-05T15:14:39.975Z", "user": 2, "content_type": 23, "object_id": "6", "object_repr": "I+J=I+1+J-1;", "action_flag": 2, "change_message": "[{\"changed\": {\"fields\": [\"Answer type\"]}}]"}}, {"model": "admin.logentry", "pk": 66, "fields": {"action_time": "2020-09-05T15:14:46.504Z", "user": 2, "content_type": 23, "object_id": "7", "object_repr": "I+J=0;", "action_flag": 2, "change_message": "[{\"changed\": {\"fields\": [\"Answer type\"]}}]"}}, {"model": "admin.logentry", "pk": 67, "fields": {"action_time": "2020-09-05T15:14:51.334Z", "user": 2, "content_type": 23, "object_id": "8", "object_repr": "I+J=1;", "action_flag": 2, "change_message": "[{\"changed\": {\"fields\": [\"Answer type\"]}}]"}}, {"model": "admin.logentry", "pk": 68, "fields": {"action_time": "2020-09-05T15:15:04.569Z", "user": 2, "content_type": 23, "object_id": "9", "object_repr": "I+J=-1;", "action_flag": 2, "change_message": "[{\"changed\": {\"fields\": [\"Answer type\"]}}]"}}, {"model": "admin.logentry", "pk": 69, "fields": {"action_time": "2020-09-05T15:15:09.047Z", "user": 2, "content_type": 23, "object_id": "10", "object_repr": "I+J=2;", "action_flag": 2, "change_message": "[{\"changed\": {\"fields\": [\"Answer type\"]}}]"}}, {"model": "admin.logentry", "pk": 70, "fields": {"action_time": "2020-09-05T15:15:13.067Z", "user": 2, "content_type": 23, "object_id": "11", "object_repr": "I+J=3;", "action_flag": 2, "change_message": "[{\"changed\": {\"fields\": [\"Answer type\"]}}]"}}, {"model": "admin.logentry", "pk": 71, "fields": {"action_time": "2020-09-05T15:15:16.562Z", "user": 2, "content_type": 23, "object_id": "12", "object_repr": "I+J=4;", "action_flag": 2, "change_message": "[{\"changed\": {\"fields\": [\"Answer type\"]}}]"}}, {"model": "admin.logentry", "pk": 72, "fields": {"action_time": "2020-09-05T15:15:21.068Z", "user": 2, "content_type": 23, "object_id": "13", "object_repr": "I+J=#I+#J+2;", "action_flag": 2, "change_message": "[{\"changed\": {\"fields\": [\"Answer type\"]}}]"}}, {"model": "admin.logentry", "pk": 73, "fields": {"action_time": "2020-09-05T15:15:26.133Z", "user": 2, "content_type": 23, "object_id": "14", "object_repr": "I+J=#I;", "action_flag": 2, "change_message": "[{\"changed\": {\"fields\": [\"Answer type\"]}}]"}}, {"model": "admin.logentry", "pk": 74, "fields": {"action_time": "2020-09-05T15:15:32.420Z", "user": 2, "content_type": 23, "object_id": "15", "object_repr": "I+J=(#I+1)+((#I+1)-1);", "action_flag": 2, "change_message": "[{\"changed\": {\"fields\": [\"Answer type\"]}}]"}}, {"model": "admin.logentry", "pk": 75, "fields": {"action_time": "2020-09-05T15:17:55.671Z", "user": 2, "content_type": 11, "object_id": "2", "object_repr": "Lesson2", "action_flag": 2, "change_message": "[]"}}, {"model": "admin.logentry", "pk": 76, "fields": {"action_time": "2020-09-05T15:39:07.050Z", "user": 2, "content_type": 11, "object_id": "3", "object_repr": "Lesson2_1", "action_flag": 2, "change_message": "[{\"changed\": {\"fields\": [\"Lesson name\"]}}]"}}, {"model": "admin.logentry", "pk": 77, "fields": {"action_time": "2020-09-05T15:39:15.640Z", "user": 2, "content_type": 11, "object_id": "4", "object_repr": "Lesson2_2", "action_flag": 2, "change_message": "[{\"changed\": {\"fields\": [\"Lesson name\"]}}]"}}, {"model": "admin.logentry", "pk": 78, "fields": {"action_time": "2020-09-05T15:39:58.438Z", "user": 2, "content_type": 14, "object_id": "2", "object_repr": "str", "action_flag": 3, "change_message": ""}}, {"model": "admin.logentry", "pk": 79, "fields": {"action_time": "2020-09-05T15:40:45.420Z", "user": 2, "content_type": 13, "object_id": "3", "object_repr": "What is the purpose of Remember?", "action_flag": 1, "change_message": "[{\"added\": {}}]"}}, {"model": "admin.logentry", "pk": 80, "fields": {"action_time": "2020-09-05T15:41:04.165Z", "user": 2, "content_type": 12, "object_id": "5", "object_repr": "It has no use", "action_flag": 1, "change_message": "[{\"added\": {}}]"}}, {"model": "admin.logentry", "pk": 81, "fields": {"action_time": "2020-09-05T15:41:38.708Z", "user": 2, "content_type": 12, "object_id": "6", "object_repr": "Values of variables such as I and J are assumed to be #I and #J", "action_flag": 1, "change_message": "[{\"added\": {}}]"}}, {"model": "admin.logentry", "pk": 82, "fields": {"action_time": "2020-09-05T15:42:09.078Z", "user": 2, "content_type": 15, "object_id": "2", "object_repr": "Remember", "action_flag": 1, "change_message": "[{\"added\": {}}]"}}, {"model": "admin.logentry", "pk": 83, "fields": {"action_time": "2020-09-05T15:44:59.214Z", "user": 2, "content_type": 11, "object_id": "5", "object_repr": "Lesson3", "action_flag": 1, "change_message": "[{\"added\": {}}]"}}, {"model": "admin.logentry", "pk": 84, "fields": {"action_time": "2020-09-05T15:45:05.023Z", "user": 2, "content_type": 11, "object_id": "5", "object_repr": "Lesson3", "action_flag": 3, "change_message": ""}}, {"model": "admin.logentry", "pk": 85, "fields": {"action_time": "2020-09-05T15:49:43.704Z", "user": 2, "content_type": 11, "object_id": "2", "object_repr": "Lesson2", "action_flag": 2, "change_message": "[{\"changed\": {\"fields\": [\"Self reference\", \"Use of concrete values\"]}}]"}}, {"model": "admin.logentry", "pk": 86, "fields": {"action_time": "2020-09-08T03:21:00.077Z", "user": 2, "content_type": 11, "object_id": "2", "object_repr": "Lesson2", "action_flag": 2, "change_message": "[{\"changed\": {\"fields\": [\"Sub lessons available\", \"Incorrect answers\", \"Self reference\", \"Use of concrete values\"]}}]"}}, {"model": "admin.logentry", "pk": 87, "fields": {"action_time": "2020-09-08T03:21:42.398Z", "user": 2, "content_type": 9, "object_id": "3", "object_repr": "Code2_1", "action_flag": 2, "change_message": "[{\"changed\": {\"fields\": [\"Code name\"]}}]"}}, {"model": "admin.logentry", "pk": 88, "fields": {"action_time": "2020-09-08T03:22:04.751Z", "user": 2, "content_type": 9, "object_id": "4", "object_repr": "Code2_2", "action_flag": 2, "change_message": "[{\"changed\": {\"fields\": [\"Code name\"]}}]"}}, {"model": "admin.logentry", "pk": 89, "fields": {"action_time": "2020-09-08T03:24:09.314Z", "user": 2, "content_type": 11, "object_id": "5", "object_repr": "Lesson2a", "action_flag": 1, "change_message": "[{\"added\": {}}]"}}, {"model": "admin.logentry", "pk": 90, "fields": {"action_time": "2020-09-08T03:26:16.209Z", "user": 2, "content_type": 11, "object_id": "6", "object_repr": "Lesson2b", "action_flag": 1, "change_message": "[{\"added\": {}}]"}}, {"model": "admin.logentry", "pk": 91, "fields": {"action_time": "2020-09-08T03:27:11.670Z", "user": 2, "content_type": 11, "object_id": "2", "object_repr": "Lesson2", "action_flag": 2, "change_message": "[]"}}, {"model": "admin.logentry", "pk": 92, "fields": {"action_time": "2020-09-08T18:28:01.907Z", "user": 2, "content_type": 13, "object_id": "1", "object_repr": "After Remember, what is the value of I?", "action_flag": 2, "change_message": "[{\"changed\": {\"fields\": [\"Question text\"]}}]"}}, {"model": "admin.logentry", "pk": 93, "fields": {"action_time": "2020-09-08T18:35:53.434Z", "user": 2, "content_type": 13, "object_id": "1", "object_repr": "Immediately after Remember, what is the value of I?", "action_flag": 2, "change_message": "[{\"changed\": {\"fields\": [\"Question text\"]}}]"}}, {"model": "admin.logentry", "pk": 94, "fields": {"action_time": "2020-09-08T18:36:12.203Z", "user": 2, "content_type": 15, "object_id": "1", "object_repr": "Initial Value", "action_flag": 2, "change_message": "[]"}}, {"model": "admin.logentry", "pk": 95, "fields": {"action_time": "2020-09-08T18:36:42.841Z", "user": 2, "content_type": 12, "object_id": "7", "object_repr": "Undefined", "action_flag": 1, "change_message": "[{\"added\": {}}]"}}, {"model": "admin.logentry", "pk": 96, "fields": {"action_time": "2020-09-08T18:36:47.841Z", "user": 2, "content_type": 15, "object_id": "1", "object_repr": "Initial Value", "action_flag": 2, "change_message": "[{\"changed\": {\"fields\": [\"Mc set\"]}}]"}}, {"model": "admin.logentry", "pk": 97, "fields": {"action_time": "2020-09-08T18:41:41.870Z", "user": 2, "content_type": 12, "object_id": "6", "object_repr": "Immediately after, values of variables such as I and J are remembered as #I and #J", "action_flag": 2, "change_message": "[{\"changed\": {\"fields\": [\"Choice text\"]}}]"}}, {"model": "admin.logentry", "pk": 98, "fields": {"action_time": "2020-09-08T18:41:55.179Z", "user": 2, "content_type": 14, "object_id": "5", "object_repr": "Values of variables such as I and J are remembered as #I and #J", "action_flag": 2, "change_message": "[{\"changed\": {\"fields\": [\"Reference text\"]}}]"}}, {"model": "admin.logentry", "pk": 99, "fields": {"action_time": "2020-09-08T18:42:48.054Z", "user": 2, "content_type": 12, "object_id": "8", "object_repr": "Immediately after, values of variables become undefined.", "action_flag": 1, "change_message": "[{\"added\": {}}]"}}, {"model": "admin.logentry", "pk": 100, "fields": {"action_time": "2020-09-08T18:43:12.641Z", "user": 2, "content_type": 15, "object_id": "2", "object_repr": "Remember", "action_flag": 2, "change_message": "[{\"changed\": {\"fields\": [\"Mc set\"]}}]"}}, {"model": "admin.logentry", "pk": 101, "fields": {"action_time": "2020-09-08T18:43:26.934Z", "user": 2, "content_type": 11, "object_id": "1", "object_repr": "Lesson1", "action_flag": 2, "change_message": "[{\"changed\": {\"fields\": [\"Reason\"]}}]"}}, {"model": "admin.logentry", "pk": 102, "fields": {"action_time": "2020-09-08T18:43:56.106Z", "user": 2, "content_type": 12, "object_id": "8", "object_repr": "Immediately after, values of variables become arbitrary.", "action_flag": 2, "change_message": "[{\"changed\": {\"fields\": [\"Choice text\"]}}]"}}, {"model": "admin.logentry", "pk": 103, "fields": {"action_time": "2020-09-08T19:03:34.470Z", "user": 2, "content_type": 11, "object_id": "2", "object_repr": "Lesson2", "action_flag": 2, "change_message": "[]"}}, {"model": "admin.logentry", "pk": 104, "fields": {"action_time": "2020-09-08T19:03:53.457Z", "user": 2, "content_type": 11, "object_id": "1", "object_repr": "Lesson1", "action_flag": 2, "change_message": "[]"}}, {"model": "admin.logentry", "pk": 105, "fields": {"action_time": "2020-09-13T18:23:43.776Z", "user": 2, "content_type": 9, "object_id": "2", "object_repr": "Code1", "action_flag": 2, "change_message": "[]"}}, {"model": "admin.logentry", "pk": 106, "fields": {"action_time": "2020-09-13T18:23:47.801Z", "user": 2, "content_type": 9, "object_id": "1", "object_repr": "Code2", "action_flag": 2, "change_message": "[]"}}, {"model": "admin.logentry", "pk": 107, "fields": {"action_time": "2020-09-13T18:23:58.120Z", "user": 2, "content_type": 11, "object_id": "1", "object_repr": "Lesson1", "action_flag": 2, "change_message": "[{\"changed\": {\"fields\": [\"Code\"]}}]"}}, {"model": "admin.logentry", "pk": 108, "fields": {"action_time": "2020-09-13T20:31:31.614Z", "user": 2, "content_type": 9, "object_id": "2", "object_repr": "Code1", "action_flag": 2, "change_message": "[{\"changed\": {\"fields\": [\"Lesson code\"]}}]"}}, {"model": "admin.logentry", "pk": 109, "fields": {"action_time": "2020-09-13T20:33:32.626Z", "user": 2, "content_type": 9, "object_id": "5", "object_repr": "Code0", "action_flag": 1, "change_message": "[{\"added\": {}}]"}}, {"model": "admin.logentry", "pk": 110, "fields": {"action_time": "2020-09-13T20:34:21.788Z", "user": 2, "content_type": 9, "object_id": "6", "object_repr": "Code3", "action_flag": 1, "change_message": "[{\"added\": {}}]"}}, {"model": "admin.logentry", "pk": 111, "fields": {"action_time": "2020-09-13T20:34:50.061Z", "user": 2, "content_type": 9, "object_id": "7", "object_repr": "Code4", "action_flag": 1, "change_message": "[{\"added\": {}}]"}}, {"model": "admin.logentry", "pk": 112, "fields": {"action_time": "2020-09-13T20:35:27.376Z", "user": 2, "content_type": 9, "object_id": "8", "object_repr": "Code5", "action_flag": 1, "change_message": "[{\"added\": {}}]"}}, {"model": "admin.logentry", "pk": 113, "fields": {"action_time": "2020-09-13T20:35:36.765Z", "user": 2, "content_type": 9, "object_id": "9", "object_repr": "Code6", "action_flag": 1, "change_message": "[{\"added\": {}}]"}}, {"model": "admin.logentry", "pk": 114, "fields": {"action_time": "2020-09-13T20:36:03.529Z", "user": 2, "content_type": 9, "object_id": "10", "object_repr": "Code7", "action_flag": 1, "change_message": "[{\"added\": {}}]"}}, {"model": "admin.logentry", "pk": 115, "fields": {"action_time": "2020-09-13T20:36:28.164Z", "user": 2, "content_type": 9, "object_id": "11", "object_repr": "Code8", "action_flag": 1, "change_message": "[{\"added\": {}}]"}}, {"model": "admin.logentry", "pk": 116, "fields": {"action_time": "2020-09-13T20:38:18.820Z", "user": 2, "content_type": 9, "object_id": "12", "object_repr": "Code_Challenge1", "action_flag": 1, "change_message": "[{\"added\": {}}]"}}, {"model": "admin.logentry", "pk": 117, "fields": {"action_time": "2020-09-13T20:39:20.386Z", "user": 2, "content_type": 9, "object_id": "13", "object_repr": "Code_Challenge2", "action_flag": 1, "change_message": "[{\"added\": {}}]"}}, {"model": "admin.logentry", "pk": 118, "fields": {"action_time": "2020-09-13T20:53:37.815Z", "user": 2, "content_type": 11, "object_id": "7", "object_repr": "Lesson0", "action_flag": 1, "change_message": "[{\"added\": {}}]"}}, {"model": "admin.logentry", "pk": 119, "fields": {"action_time": "2020-09-13T20:58:04.526Z", "user": 2, "content_type": 11, "object_id": "2", "object_repr": "Lesson1", "action_flag": 2, "change_message": "[{\"changed\": {\"fields\": [\"Instruction\", \"Code\", \"Reference set\", \"Reason\", \"Incorrect answers\"]}}]"}}, {"model": "admin.logentry", "pk": 120, "fields": {"action_time": "2020-09-13T21:02:00.391Z", "user": 2, "content_type": 11, "object_id": "1", "object_repr": "Lesson0", "action_flag": 2, "change_message": "[]"}}, {"model": "admin.logentry", "pk": 121, "fields": {"action_time": "2020-09-13T21:17:31.784Z", "user": 2, "content_type": 13, "object_id": "4", "object_repr": "No Question", "action_flag": 1, "change_message": "[{\"added\": {}}]"}}, {"model": "admin.logentry", "pk": 122, "fields": {"action_time": "2020-09-13T21:17:47.824Z", "user": 2, "content_type": 15, "object_id": "3", "object_repr": "None", "action_flag": 1, "change_message": "[{\"added\": {}}]"}}, {"model": "admin.logentry", "pk": 123, "fields": {"action_time": "2020-09-13T21:18:06.170Z", "user": 2, "content_type": 11, "object_id": "1", "object_repr": "Lesson0", "action_flag": 2, "change_message": "[{\"changed\": {\"fields\": [\"Reason\"]}}]"}}, {"model": "admin.logentry", "pk": 124, "fields": {"action_time": "2020-09-13T21:19:41.098Z", "user": 2, "content_type": 11, "object_id": "1", "object_repr": "Lesson0", "action_flag": 2, "change_message": "[]"}}, {"model": "admin.logentry", "pk": 125, "fields": {"action_time": "2020-09-13T21:19:55.977Z", "user": 2, "content_type": 11, "object_id": "1", "object_repr": "Lesson0", "action_flag": 2, "change_message": "[]"}}, {"model": "admin.logentry", "pk": 126, "fields": {"action_time": "2020-09-13T21:20:05.558Z", "user": 2, "content_type": 16, "object_id": "2", "object_repr": "Tutor", "action_flag": 2, "change_message": "[{\"changed\": {\"fields\": [\"Lessons\"]}}]"}}, {"model": "admin.logentry", "pk": 127, "fields": {"action_time": "2020-09-13T21:20:20.727Z", "user": 2, "content_type": 16, "object_id": "2", "object_repr": "2150 Tutor", "action_flag": 2, "change_message": "[{\"changed\": {\"fields\": [\"Set name\"]}}]"}}, {"model": "admin.logentry", "pk": 128, "fields": {"action_time": "2020-09-13T21:21:17.956Z", "user": 2, "content_type": 16, "object_id": "2", "object_repr": "2150 Tutor", "action_flag": 2, "change_message": "[]"}}, {"model": "admin.logentry", "pk": 129, "fields": {"action_time": "2020-09-13T21:21:36.207Z", "user": 2, "content_type": 11, "object_id": "1", "object_repr": "Lesson0", "action_flag": 2, "change_message": "[{\"changed\": {\"fields\": [\"Reference set\"]}}]"}}, {"model": "admin.logentry", "pk": 130, "fields": {"action_time": "2020-09-13T21:23:54.277Z", "user": 2, "content_type": 16, "object_id": "2", "object_repr": "2150 Tutor", "action_flag": 3, "change_message": ""}}, {"model": "admin.logentry", "pk": 131, "fields": {"action_time": "2020-09-13T21:24:02.499Z", "user": 2, "content_type": 16, "object_id": "3", "object_repr": "Begin To Reason", "action_flag": 1, "change_message": "[{\"added\": {}}]"}}, {"model": "admin.logentry", "pk": 132, "fields": {"action_time": "2020-09-13T21:24:15.409Z", "user": 2, "content_type": 16, "object_id": "3", "object_repr": "2150 Tutor", "action_flag": 2, "change_message": "[{\"changed\": {\"fields\": [\"Set name\"]}}]"}}, {"model": "admin.logentry", "pk": 133, "fields": {"action_time": "2020-09-13T21:26:00.237Z", "user": 2, "content_type": 11, "object_id": "1", "object_repr": "Lesson0", "action_flag": 2, "change_message": "[{\"changed\": {\"fields\": [\"Reason\"]}}]"}}, {"model": "admin.logentry", "pk": 134, "fields": {"action_time": "2020-09-13T21:28:00.468Z", "user": 2, "content_type": 11, "object_id": "1", "object_repr": "Lesson0", "action_flag": 2, "change_message": "[{\"changed\": {\"fields\": [\"Reason\"]}}]"}}, {"model": "admin.logentry", "pk": 135, "fields": {"action_time": "2020-09-13T21:28:18.238Z", "user": 2, "content_type": 11, "object_id": "1", "object_repr": "Lesson0", "action_flag": 2, "change_message": "[{\"changed\": {\"fields\": [\"Reason\"]}}]"}}, {"model": "admin.logentry", "pk": 136, "fields": {"action_time": "2020-09-13T21:30:29.574Z", "user": 2, "content_type": 11, "object_id": "1", "object_repr": "Lesson0", "action_flag": 2, "change_message": "[{\"changed\": {\"fields\": [\"Reason\"]}}]"}}, {"model": "admin.logentry", "pk": 137, "fields": {"action_time": "2020-09-13T21:58:54.740Z", "user": 2, "content_type": 11, "object_id": "1", "object_repr": "Lesson0", "action_flag": 2, "change_message": "[]"}}, {"model": "admin.logentry", "pk": 138, "fields": {"action_time": "2020-09-13T21:59:23.759Z", "user": 2, "content_type": 11, "object_id": "1", "object_repr": "Lesson0", "action_flag": 2, "change_message": "[{\"changed\": {\"fields\": [\"Reason\"]}}]"}}, {"model": "admin.logentry", "pk": 139, "fields": {"action_time": "2020-09-13T21:59:42.594Z", "user": 2, "content_type": 11, "object_id": "1", "object_repr": "Lesson0", "action_flag": 2, "change_message": "[{\"changed\": {\"fields\": [\"Reason\"]}}]"}}, {"model": "admin.logentry", "pk": 140, "fields": {"action_time": "2020-09-13T22:00:13.274Z", "user": 2, "content_type": 11, "object_id": "1", "object_repr": "Lesson0", "action_flag": 2, "change_message": "[]"}}, {"model": "admin.logentry", "pk": 141, "fields": {"action_time": "2020-09-13T22:00:32.794Z", "user": 2, "content_type": 11, "object_id": "1", "object_repr": "Lesson0", "action_flag": 2, "change_message": "[{\"changed\": {\"fields\": [\"Reason\", \"Incorrect answers\"]}}]"}}, {"model": "admin.logentry", "pk": 142, "fields": {"action_time": "2020-09-13T22:01:37.461Z", "user": 2, "content_type": 11, "object_id": "1", "object_repr": "Lesson0", "action_flag": 2, "change_message": "[{\"changed\": {\"fields\": [\"Reason\"]}}]"}}, {"model": "admin.logentry", "pk": 143, "fields": {"action_time": "2020-09-13T22:01:40.177Z", "user": 2, "content_type": 11, "object_id": "1", "object_repr": "Lesson0", "action_flag": 2, "change_message": "[]"}}, {"model": "admin.logentry", "pk": 144, "fields": {"action_time": "2020-09-13T22:20:49.929Z", "user": 2, "content_type": 11, "object_id": "1", "object_repr": "Lesson0", "action_flag": 2, "change_message": "[{\"changed\": {\"fields\": [\"Reason\"]}}]"}}, {"model": "auth.permission", "pk": 1, "fields": {"name": "Can add log entry", "content_type": 1, "codename": "add_logentry"}}, {"model": "auth.permission", "pk": 2, "fields": {"name": "Can change log entry", "content_type": 1, "codename": "change_logentry"}}, {"model": "auth.permission", "pk": 3, "fields": {"name": "Can delete log entry", "content_type": 1, "codename": "delete_logentry"}}, {"model": "auth.permission", "pk": 4, "fields": {"name": "Can view log entry", "content_type": 1, "codename": "view_logentry"}}, {"model": "auth.permission", "pk": 5, "fields": {"name": "Can add permission", "content_type": 2, "codename": "add_permission"}}, {"model": "auth.permission", "pk": 6, "fields": {"name": "Can change permission", "content_type": 2, "codename": "change_permission"}}, {"model": "auth.permission", "pk": 7, "fields": {"name": "Can delete permission", "content_type": 2, "codename": "delete_permission"}}, {"model": "auth.permission", "pk": 8, "fields": {"name": "Can view permission", "content_type": 2, "codename": "view_permission"}}, {"model": "auth.permission", "pk": 9, "fields": {"name": "Can add group", "content_type": 3, "codename": "add_group"}}, {"model": "auth.permission", "pk": 10, "fields": {"name": "Can change group", "content_type": 3, "codename": "change_group"}}, {"model": "auth.permission", "pk": 11, "fields": {"name": "Can delete group", "content_type": 3, "codename": "delete_group"}}, {"model": "auth.permission", "pk": 12, "fields": {"name": "Can view group", "content_type": 3, "codename": "view_group"}}, {"model": "auth.permission", "pk": 13, "fields": {"name": "Can add user", "content_type": 4, "codename": "add_user"}}, {"model": "auth.permission", "pk": 14, "fields": {"name": "Can change user", "content_type": 4, "codename": "change_user"}}, {"model": "auth.permission", "pk": 15, "fields": {"name": "Can delete user", "content_type": 4, "codename": "delete_user"}}, {"model": "auth.permission", "pk": 16, "fields": {"name": "Can view user", "content_type": 4, "codename": "view_user"}}, {"model": "auth.permission", "pk": 17, "fields": {"name": "Can add content type", "content_type": 5, "codename": "add_contenttype"}}, {"model": "auth.permission", "pk": 18, "fields": {"name": "Can change content type", "content_type": 5, "codename": "change_contenttype"}}, {"model": "auth.permission", "pk": 19, "fields": {"name": "Can delete content type", "content_type": 5, "codename": "delete_contenttype"}}, {"model": "auth.permission", "pk": 20, "fields": {"name": "Can view content type", "content_type": 5, "codename": "view_contenttype"}}, {"model": "auth.permission", "pk": 21, "fields": {"name": "Can add session", "content_type": 6, "codename": "add_session"}}, {"model": "auth.permission", "pk": 22, "fields": {"name": "Can change session", "content_type": 6, "codename": "change_session"}}, {"model": "auth.permission", "pk": 23, "fields": {"name": "Can delete session", "content_type": 6, "codename": "delete_session"}}, {"model": "auth.permission", "pk": 24, "fields": {"name": "Can view session", "content_type": 6, "codename": "view_session"}}, {"model": "auth.permission", "pk": 25, "fields": {"name": "Can add site", "content_type": 7, "codename": "add_site"}}, {"model": "auth.permission", "pk": 26, "fields": {"name": "Can change site", "content_type": 7, "codename": "change_site"}}, {"model": "auth.permission", "pk": 27, "fields": {"name": "Can delete site", "content_type": 7, "codename": "delete_site"}}, {"model": "auth.permission", "pk": 28, "fields": {"name": "Can view site", "content_type": 7, "codename": "view_site"}}, {"model": "auth.permission", "pk": 29, "fields": {"name": "Can add user information", "content_type": 8, "codename": "add_userinformation"}}, {"model": "auth.permission", "pk": 30, "fields": {"name": "Can change user information", "content_type": 8, "codename": "change_userinformation"}}, {"model": "auth.permission", "pk": 31, "fields": {"name": "Can delete user information", "content_type": 8, "codename": "delete_userinformation"}}, {"model": "auth.permission", "pk": 32, "fields": {"name": "Can view user information", "content_type": 8, "codename": "view_userinformation"}}, {"model": "auth.permission", "pk": 33, "fields": {"name": "Can add code", "content_type": 9, "codename": "add_code"}}, {"model": "auth.permission", "pk": 34, "fields": {"name": "Can change code", "content_type": 9, "codename": "change_code"}}, {"model": "auth.permission", "pk": 35, "fields": {"name": "Can delete code", "content_type": 9, "codename": "delete_code"}}, {"model": "auth.permission", "pk": 36, "fields": {"name": "Can view code", "content_type": 9, "codename": "view_code"}}, {"model": "auth.permission", "pk": 37, "fields": {"name": "Can add concept", "content_type": 10, "codename": "add_concept"}}, {"model": "auth.permission", "pk": 38, "fields": {"name": "Can change concept", "content_type": 10, "codename": "change_concept"}}, {"model": "auth.permission", "pk": 39, "fields": {"name": "Can delete concept", "content_type": 10, "codename": "delete_concept"}}, {"model": "auth.permission", "pk": 40, "fields": {"name": "Can view concept", "content_type": 10, "codename": "view_concept"}}, {"model": "auth.permission", "pk": 41, "fields": {"name": "Can add lesson", "content_type": 11, "codename": "add_lesson"}}, {"model": "auth.permission", "pk": 42, "fields": {"name": "Can change lesson", "content_type": 11, "codename": "change_lesson"}}, {"model": "auth.permission", "pk": 43, "fields": {"name": "Can delete lesson", "content_type": 11, "codename": "delete_lesson"}}, {"model": "auth.permission", "pk": 44, "fields": {"name": "Can view lesson", "content_type": 11, "codename": "view_lesson"}}, {"model": "auth.permission", "pk": 45, "fields": {"name": "Can add mc choice", "content_type": 12, "codename": "add_mcchoice"}}, {"model": "auth.permission", "pk": 46, "fields": {"name": "Can change mc choice", "content_type": 12, "codename": "change_mcchoice"}}, {"model": "auth.permission", "pk": 47, "fields": {"name": "Can delete mc choice", "content_type": 12, "codename": "delete_mcchoice"}}, {"model": "auth.permission", "pk": 48, "fields": {"name": "Can view mc choice", "content_type": 12, "codename": "view_mcchoice"}}, {"model": "auth.permission", "pk": 49, "fields": {"name": "Can add question", "content_type": 13, "codename": "add_question"}}, {"model": "auth.permission", "pk": 50, "fields": {"name": "Can change question", "content_type": 13, "codename": "change_question"}}, {"model": "auth.permission", "pk": 51, "fields": {"name": "Can delete question", "content_type": 13, "codename": "delete_question"}}, {"model": "auth.permission", "pk": 52, "fields": {"name": "Can view question", "content_type": 13, "codename": "view_question"}}, {"model": "auth.permission", "pk": 53, "fields": {"name": "Can add reference", "content_type": 14, "codename": "add_reference"}}, {"model": "auth.permission", "pk": 54, "fields": {"name": "Can change reference", "content_type": 14, "codename": "change_reference"}}, {"model": "auth.permission", "pk": 55, "fields": {"name": "Can delete reference", "content_type": 14, "codename": "delete_reference"}}, {"model": "auth.permission", "pk": 56, "fields": {"name": "Can view reference", "content_type": 14, "codename": "view_reference"}}, {"model": "auth.permission", "pk": 57, "fields": {"name": "Can add reasoning", "content_type": 15, "codename": "add_reasoning"}}, {"model": "auth.permission", "pk": 58, "fields": {"name": "Can change reasoning", "content_type": 15, "codename": "change_reasoning"}}, {"model": "auth.permission", "pk": 59, "fields": {"name": "Can delete reasoning", "content_type": 15, "codename": "delete_reasoning"}}, {"model": "auth.permission", "pk": 60, "fields": {"name": "Can view reasoning", "content_type": 15, "codename": "view_reasoning"}}, {"model": "auth.permission", "pk": 61, "fields": {"name": "Can add lesson set", "content_type": 16, "codename": "add_lessonset"}}, {"model": "auth.permission", "pk": 62, "fields": {"name": "Can change lesson set", "content_type": 16, "codename": "change_lessonset"}}, {"model": "auth.permission", "pk": 63, "fields": {"name": "Can delete lesson set", "content_type": 16, "codename": "delete_lessonset"}}, {"model": "auth.permission", "pk": 64, "fields": {"name": "Can view lesson set", "content_type": 16, "codename": "view_lessonset"}}, {"model": "auth.permission", "pk": 65, "fields": {"name": "Can add data log", "content_type": 17, "codename": "add_datalog"}}, {"model": "auth.permission", "pk": 66, "fields": {"name": "Can change data log", "content_type": 17, "codename": "change_datalog"}}, {"model": "auth.permission", "pk": 67, "fields": {"name": "Can delete data log", "content_type": 17, "codename": "delete_datalog"}}, {"model": "auth.permission", "pk": 68, "fields": {"name": "Can view data log", "content_type": 17, "codename": "view_datalog"}}, {"model": "auth.permission", "pk": 69, "fields": {"name": "Can add association", "content_type": 18, "codename": "add_association"}}, {"model": "auth.permission", "pk": 70, "fields": {"name": "Can change association", "content_type": 18, "codename": "change_association"}}, {"model": "auth.permission", "pk": 71, "fields": {"name": "Can delete association", "content_type": 18, "codename": "delete_association"}}, {"model": "auth.permission", "pk": 72, "fields": {"name": "Can view association", "content_type": 18, "codename": "view_association"}}, {"model": "auth.permission", "pk": 73, "fields": {"name": "Can add code", "content_type": 19, "codename": "add_code"}}, {"model": "auth.permission", "pk": 74, "fields": {"name": "Can change code", "content_type": 19, "codename": "change_code"}}, {"model": "auth.permission", "pk": 75, "fields": {"name": "Can delete code", "content_type": 19, "codename": "delete_code"}}, {"model": "auth.permission", "pk": 76, "fields": {"name": "Can view code", "content_type": 19, "codename": "view_code"}}, {"model": "auth.permission", "pk": 77, "fields": {"name": "Can add nonce", "content_type": 20, "codename": "add_nonce"}}, {"model": "auth.permission", "pk": 78, "fields": {"name": "Can change nonce", "content_type": 20, "codename": "change_nonce"}}, {"model": "auth.permission", "pk": 79, "fields": {"name": "Can delete nonce", "content_type": 20, "codename": "delete_nonce"}}, {"model": "auth.permission", "pk": 80, "fields": {"name": "Can view nonce", "content_type": 20, "codename": "view_nonce"}}, {"model": "auth.permission", "pk": 81, "fields": {"name": "Can add user social auth", "content_type": 21, "codename": "add_usersocialauth"}}, {"model": "auth.permission", "pk": 82, "fields": {"name": "Can change user social auth", "content_type": 21, "codename": "change_usersocialauth"}}, {"model": "auth.permission", "pk": 83, "fields": {"name": "Can delete user social auth", "content_type": 21, "codename": "delete_usersocialauth"}}, {"model": "auth.permission", "pk": 84, "fields": {"name": "Can view user social auth", "content_type": 21, "codename": "view_usersocialauth"}}, {"model": "auth.permission", "pk": 85, "fields": {"name": "Can add partial", "content_type": 22, "codename": "add_partial"}}, {"model": "auth.permission", "pk": 86, "fields": {"name": "Can change partial", "content_type": 22, "codename": "change_partial"}}, {"model": "auth.permission", "pk": 87, "fields": {"name": "Can delete partial", "content_type": 22, "codename": "delete_partial"}}, {"model": "auth.permission", "pk": 88, "fields": {"name": "Can view partial", "content_type": 22, "codename": "view_partial"}}, {"model": "auth.permission", "pk": 89, "fields": {"name": "Can add incorrect_ answers", "content_type": 23, "codename": "add_incorrect_answers"}}, {"model": "auth.permission", "pk": 90, "fields": {"name": "Can change incorrect_ answers", "content_type": 23, "codename": "change_incorrect_answers"}}, {"model": "auth.permission", "pk": 91, "fields": {"name": "Can delete incorrect_ answers", "content_type": 23, "codename": "delete_incorrect_answers"}}, {"model": "auth.permission", "pk": 92, "fields": {"name": "Can view incorrect_ answers", "content_type": 23, "codename": "view_incorrect_answers"}}, {"model": "auth.permission", "pk": 93, "fields": {"name": "Can add incorrect_ answer", "content_type": 23, "codename": "add_incorrect_answer"}}, {"model": "auth.permission", "pk": 94, "fields": {"name": "Can change incorrect_ answer", "content_type": 23, "codename": "change_incorrect_answer"}}, {"model": "auth.permission", "pk": 95, "fields": {"name": "Can delete incorrect_ answer", "content_type": 23, "codename": "delete_incorrect_answer"}}, {"model": "auth.permission", "pk": 96, "fields": {"name": "Can view incorrect_ answer", "content_type": 23, "codename": "view_incorrect_answer"}}, {"model": "auth.user", "pk": 1, "fields": {"password": "!keYkBQZ90XGv3fLO4VRIgsBUYfhqOHdgoBmd3cPD", "last_login": "2020-09-13T17:57:32.443Z", "is_superuser": false, "username": "MEFOWLE", "first_name": "Megan", "last_name": "Fowler", "email": "MEFOWLE@g.clemson.edu", "is_staff": false, "is_active": true, "date_joined": "2020-09-01T01:47:27.462Z", "groups": [], "user_permissions": []}}, {"model": "auth.user", "pk": 2, "fields": {"password": "pbkdf2_sha256$216000$V3U9cBNjuxtR$H4cc2HN2dgh47+7wovvTHBWdxkYH1LCqy7ZkTzTWyiQ=", "last_login": "2020-09-13T18:23:27.004Z", "is_superuser": true, "username": "meg", "first_name": "", "last_name": "", "email": "mefowle@g.clemson.edu", "is_staff": true, "is_active": true, "date_joined": "2020-09-01T16:58:19Z", "groups": [], "user_permissions": []}}, {"model": "contenttypes.contenttype", "pk": 1, "fields": {"app_label": "admin", "model": "logentry"}}, {"model": "contenttypes.contenttype", "pk": 2, "fields": {"app_label": "auth", "model": "permission"}}, {"model": "contenttypes.contenttype", "pk": 3, "fields": {"app_label": "auth", "model": "group"}}, {"model": "contenttypes.contenttype", "pk": 4, "fields": {"app_label": "auth", "model": "user"}}, {"model": "contenttypes.contenttype", "pk": 5, "fields": {"app_label": "contenttypes", "model": "contenttype"}}, {"model": "contenttypes.contenttype", "pk": 6, "fields": {"app_label": "sessions", "model": "session"}}, {"model": "contenttypes.contenttype", "pk": 7, "fields": {"app_label": "sites", "model": "site"}}, {"model": "contenttypes.contenttype", "pk": 8, "fields": {"app_label": "accounts", "model": "userinformation"}}, {"model": "contenttypes.contenttype", "pk": 9, "fields": {"app_label": "core", "model": "code"}}, {"model": "contenttypes.contenttype", "pk": 10, "fields": {"app_label": "core", "model": "concept"}}, {"model": "contenttypes.contenttype", "pk": 11, "fields": {"app_label": "core", "model": "lesson"}}, {"model": "contenttypes.contenttype", "pk": 12, "fields": {"app_label": "core", "model": "mcchoice"}}, {"model": "contenttypes.contenttype", "pk": 13, "fields": {"app_label": "core", "model": "question"}}, {"model": "contenttypes.contenttype", "pk": 14, "fields": {"app_label": "core", "model": "reference"}}, {"model": "contenttypes.contenttype", "pk": 15, "fields": {"app_label": "core", "model": "reasoning"}}, {"model": "contenttypes.contenttype", "pk": 16, "fields": {"app_label": "core", "model": "lessonset"}}, {"model": "contenttypes.contenttype", "pk": 17, "fields": {"app_label": "data_analysis", "model": "datalog"}}, {"model": "contenttypes.contenttype", "pk": 18, "fields": {"app_label": "social_django", "model": "association"}}, {"model": "contenttypes.contenttype", "pk": 19, "fields": {"app_label": "social_django", "model": "code"}}, {"model": "contenttypes.contenttype", "pk": 20, "fields": {"app_label": "social_django", "model": "nonce"}}, {"model": "contenttypes.contenttype", "pk": 21, "fields": {"app_label": "social_django", "model": "usersocialauth"}}, {"model": "contenttypes.contenttype", "pk": 22, "fields": {"app_label": "social_django", "model": "partial"}}, {"model": "contenttypes.contenttype", "pk": 23, "fields": {"app_label": "core", "model": "incorrect_answer"}}, {"model": "sessions.session", "pk": "5hixk681727pplecrqdjljsq3nnkss42", "fields": {"session_data": ".eJxVjEEOwiAQRe_C2hBoYei4dN8zEJgZpWpoUtqV8e7apAvd_vfef6mYtrXErckSJ1Zn1anT75YTPaTugO-p3mZNc12XKetd0QdtepxZnpfD_TsoqZVvfTXOZvBgwDN2GcQiOUTgIVHI3hGjkDiA7AwH6o1B09skMpCgp6DeH9hpN-I:1kEZ73:gjjwfHQRUWGsBi8R2qRJI2761PPbuLVmvAfzHxkxeew", "expire_date": "2020-09-19T14:24:17.106Z"}}, {"model": "sessions.session", "pk": "629qu0gynwmu1o00dqrq2azbqf60hdd1", "fields": {"session_data": ".eJxVjEEOwiAQRe_C2hBaYdrp0r1nIDAzWtSAKW2iMd5dm3Sh2__efy_lwzKPfqky-cRqUK3a_W4x0FXyCvgS8rloKnmeUtSrojda9bGw3A6b-xcYQx2_75OxTQQHBhxjG0EaJIsI3AfqorPEKCQWIFrDHe2NQbNvgkhPgo66NVql1lSyl8c9TU81mPcHgGc_Hw:1kHa31:PnB34VWhW3GTP5t3FDYaYEFQ6OhCUfKMexqdLe2JWN4", "expire_date": "2020-09-27T22:00:35.503Z"}}, {"model": "sessions.session", "pk": "653j6x983phjarmoamso8wunip2bwy9j", "fields": {"session_data": ".eJxVkE9PwzAMxb9LzlCStElVbp2QuGwaBxCIS-TE6R-ti0WTSkiI70667UAvtvTs33uWf1jw34k9soe0JJqvld2xnqif_D3BkgZpYoLk89LAK_W1Dx_746dsVdO-E53C-WURu7en10CHDJqVMEv0sxkxI2KrWXAnH9ZBJDfCZBzNvripsbjGFs-XdmzX8C0_QBwyrGsOnSuF01pbrqpSNkpJLIUS6LGSDlGBrYTuBFrgKFF0UtWN9KK2yJtsesu_WE8Qk5moH8O_AzcvYL9_vwdjyA:1kHWFo:AytYO_zjDiHmPR_P8p3-e3otQJ2AgkMGsOo1PfveGGw", "expire_date": "2020-09-27T17:57:32.466Z"}}, {"model": "sessions.session", "pk": "8kms5h7m0a61dcaeaedfsj3r7tr0gq75", "fields": {"session_data": ".eJxVkMtOxDAMRf8l66HTuE1K2SFgRiAQEojHLnLi9MGEBppUQiD-nXRmFnRjS9c-91r-YYP9iuyMreMU_XiobMVa71tnTzxOsQMVIkablk4vrp_465UfNp8jFO7m9rL6bt5fPjZvj3fPIB4SqGZCTcGOqqeE8KWm0ezsMA-CNz06Zfxos6MaskNstt23-_M5fMl3GLoEyyrHxhTcSCl1LsoCaiGACi44WSrBEAnUJZcNJ405AfEGRFWD5ZWmvE6mx_y9tcMQlfNtP_w7cPEC9vsHoyRjpQ:1kHW5R:gpLPxu3HLX73CRiyK-bjepMNY0a_kUjoAYsCWP95RGs", "expire_date": "2020-09-27T17:46:49.026Z"}}, {"model": "sessions.session", "pk": "zep0om3fy0ycb4kijl01a7nk00qtz7xd", "fields": {"session_data": ".eJxVkE9rwzAMxb-Lz1tmO7FDdsthlBVKC4V2NyNbzh8S4tZ22GDsu9dpe1guEjzp957QL5nsTyTv5C3O0flHJS-kda4d7auDOXZchQjRpqVy81mdi6_tRZ6ng__QZkePh9NxqK_z1n8PdQLVQqg5WK96TAhbaxrMYKdlEJzpYVTGeZs91ZA9YrPNve3rJXzNdxC6BMuSQmNyZqSUmooi55UQHHMmGFosuEEUoAsmG4YaKHJkDRdlxS0rNdIqmT7z79YjhKhG1_bTvwNXLyB_N-_AZAE:1kHVj3:XSXVRTYKk1QZicsZv8At25tcHKbeTy_nnZrMMuFMF-Y", "expire_date": "2020-09-27T17:23:41.185Z"}}, {"model": "sites.site", "pk": 1, "fields": {"domain": "example.com", "name": "example.com"}}, {"model": "accounts.userinformation", "pk": 4, "fields": {"user": 2, "user_nickname": "meg", "user_school": "Clemson University", "user_class": "CPSC2150", "user_gender": "Female", "user_race": "White", "current_lesson_set": 3, "current_lesson_index": 0, "completed_lesson_index": 0}}, {"model": "core.code", "pk": 1, "fields": {"code_name": "Code0", "lesson_code": "Facility BeginToReason;\\r\\n    uses Integer_Ext_Theory;\\r\\n\\r\\n    Operation Main();\\r\\n    Procedure\\r\\n        Var I, J, K: Integer;\\r\\n        \\r\\n        I := 1;\\r\\n        J := 2;\\r\\n        K := 3;\\r\\n\\r\\n        J := I + J;\\r\\n        I := J - K;\\r\\n\\r\\n        Confirm I = /*expression*/;\\r\\n    end Main;\\r\\nend BeginToReason;"}}, {"model": "core.code", "pk": 2, "fields": {"code_name": "Code1", "lesson_code": "Facility BeginToReason;\\r\\n    uses Integer_Ext_Theory;\\r\\n\\r\\n    Operation Main();\\r\\n    Procedure\\r\\n        Var I, J: Integer;\\r\\n        Read(I);\\r\\n\\r\\n        J := I;\\r\\n        I := I - 1;\\r\\n\\r\\n        Confirm I /*conditional*/ J;\\r\\n    end Main;\\r\\nend BeginToReason;"}}, {"model": "core.code", "pk": 3, "fields": {"code_name": "Code2", "lesson_code": "Facility BeginToReason;\\r\\n    uses Integer_Ext_Theory;\\r\\n\\r\\n    Operation Main();\\r\\n    Procedure\\r\\n        Var I, J: Integer;\\r\\n        Read(I);\\r\\n\\r\\n        J := I;\\r\\n        I := I - 1;\\r\\n\\r\\n        Confirm I /*conditional*/ J;\\r\\n    end Main;\\r\\nend BeginToReason;"}}, {"model": "core.code", "pk": 4, "fields": {"code_name": "Code2_1", "lesson_code": "Facility BeginToReason;\\r\\n    uses Integer_Ext_Theory;\\r\\n\\r\\n    Operation Main();\\r\\n    Procedure\\r\\n        Var I: Integer;\\r\\n        Read(I);\\r\\n\\r\\n        Remember;\\r\\n\\r\\n        I := I + 1;\\r\\n\\r\\n        Confirm I = /*expression*/;\\r\\n    end Main;\\r\\nend BeginToReason;"}}, {"model": "core.code", "pk": 5, "fields": {"code_name": "Code2_2", "lesson_code": "Facility BeginToReason;\\r\\n    uses Integer_Ext_Theory;\\r\\n\\r\\n    Operation Main();\\r\\n    Procedure\\r\\n        Var I, J: Integer;\\r\\n        Read(I);\\r\\n        Read(J);\\r\\n\\r\\n        Remember;\\r\\n\\r\\n        I := I + 1;\\r\\n        J := J - 1;\\r\\n\\r\\n        Confirm I = /*expression*/;\\r\\n        Confirm J = /*expression*/;\\r\\n    end Main;\\r\\nend BeginToReason;"}}, {"model": "core.code", "pk": 6, "fields": {"code_name": "Code3", "lesson_code": "Facility BeginToReason;\\r\\n    uses Integer_Ext_Theory;\\r\\n\\r\\n    Operation Main();\\r\\n    Procedure\\r\\n        Var I, J: Integer;\\r\\n        Read(I);\\r\\n        Read(J);\\r\\n\\r\\n        Remember;\\r\\n\\r\\n        I := I + J;\\r\\n        Confirm I = /* expression */;\\r\\n\\r\\n        J := I - J;\\r\\n        Confirm J = /* expression */;\\r\\n\\r\\n        I := I - J;\\r\\n        Confirm I = /* expression */;\\r\\n\\r\\n    end Main;\\r\\nend BeginToReason;"}}, {"model": "core.code", "pk": 7, "fields": {"code_name": "Code4", "lesson_code": "Facility BeginToReason;\\r\\n    uses Integer_Ext_Theory;\\r\\n \\r\\n    Operation Main();\\r\\n    Procedure\\r\\n        Var I, J, K: Integer;\\r\\n        Read(I);\\r\\n        Read(J);\\r\\n \\r\\n        If I <= J then\\r\\n            K := I;\\r\\n        else\\r\\n            K := J;\\r\\n        end;\\r\\n \\r\\n        Confirm K /*conditional*/ I;\\r\\n        Confirm K /*conditional*/ J;\\r\\n    end Main;\\r\\nend BeginToReason;"}}, {"model": "core.code", "pk": 8, "fields": {"code_name": "Code5", "lesson_code": "Facility BeginToReason;\\r\\n    uses Integer_Ext_Theory;\\r\\n \\r\\n    Operation Main();\\r\\n    Procedure\\r\\n        Var I, J: Integer;\\r\\n        Read(I);\\r\\n \\r\\n        If I <= 0 then\\r\\n            I := - I;\\r\\n        end;\\r\\n        J := I;\\r\\n \\r\\n        Confirm J /*conditional*/ /*expression*/;\\r\\n    end Main;\\r\\nend BeginToReason;"}}, {"model": "core.code", "pk": 9, "fields": {"code_name": "Code6", "lesson_code": "Facility BeginToReason;\\r\\n    uses Integer_Ext_Theory;\\r\\n \\r\\n    Operation Main();\\r\\n    Procedure\\r\\n        Var I, J, K: Integer;\\r\\n        Read(I);\\r\\n        Read(J);\\r\\n \\r\\n        K := J;\\r\\n        If I >= K then\\r\\n            K := I;\\r\\n        end;\\r\\n \\r\\n        Confirm K /*conditional*/ I;\\r\\n        Confirm K /*conditional*/ J;\\r\\n    end Main;\\r\\nend BeginToReason;"}}, {"model": "core.code", "pk": 10, "fields": {"code_name": "Code7", "lesson_code": "Facility BeginToReason;\\r\\n    uses Integer_Ext_Theory;\\r\\n \\r\\n    Operation Main();\\r\\n    Procedure\\r\\n        Var I, J: Integer;\\r\\n        Read(I);\\r\\n \\r\\n        If I >= 0 then\\r\\n            J := - I;\\r\\n        else\\r\\n            J := I;\\r\\n        end;\\r\\n \\r\\n        Confirm J /*conditional*/ /*expression*/;\\r\\n    end Main;\\r\\nend BeginToReason;"}}, {"model": "core.code", "pk": 11, "fields": {"code_name": "Code8", "lesson_code": "Facility BeginToReason;\\r\\n    uses Integer_Ext_Theory;\\r\\n \\r\\n    Operation Main();\\r\\n    Procedure\\r\\n        Var I, J, K: Integer;\\r\\n        Read(I);\\r\\n        Read(J);\\r\\n        Read(K);\\r\\n \\r\\n        Remember;\\r\\n \\r\\n        If I <= K then\\r\\n            K := I;\\r\\n        end;\\r\\n        If J <= K then\\r\\n            K := J;\\r\\n        end;\\r\\n \\r\\n        Confirm K /*conditional*/ #I;\\r\\n        Confirm K /*conditional*/ #J;\\r\\n        Confirm K /*conditional*/ #K;\\r\\n    end Main;\\r\\nend BeginToReason;"}}, {"model": "core.code", "pk": 12, "fields": {"code_name": "Code_Challenge1", "lesson_code": "Facility BeginToReason;\\r\\n    uses Integer_Ext_Theory;\\r\\n\\r\\n    Operation Main();\\r\\n    Procedure\\r\\n        Var I, J, K: Integer;\\r\\n        Read(I);\\r\\n        Read(J);\\r\\n        Read(K);\\r\\n\\r\\n        Remember;\\r\\n\\r\\n        If I <= K then\\r\\n            While (I /= K)\\r\\n                changing I; -- only I is changed in the loop\\r\\n                decreasing K + (-I); -- reason for loop termination\\r\\n            do\\r\\n                I := I + 1;\\r\\n            end;\\r\\n\\r\\n            Confirm I /* conditional */ K;\\r\\n        end;\\r\\n    end Main;\\r\\nend BeginToReason;"}}, {"model": "core.code", "pk": 13, "fields": {"code_name": "Code_Challenge2", "lesson_code": "Facility BeginToReason;\\r\\n    uses Integer_Ext_Theory;\\r\\n\\r\\n    Operation Main();\\r\\n    Procedure\\r\\n        Var I, J, K: Integer;\\r\\n        Read(I);\\r\\n        Read(J);\\r\\n        Read(K);\\r\\n\\r\\n        Remember;\\r\\n\\r\\n        If I <= K then\\r\\n            While (I /= K)\\r\\n                changing I;\\r\\n                decreasing K + (-I);\\r\\n            do\\r\\n                I := I + 1;\\r\\n            end;\\r\\n\\r\\n        else\\r\\n            While (I /= K)\\r\\n                changing I;\\r\\n                decreasing I;\\r\\n            do\\r\\n                I := I - 1;\\r\\n            end;\\r\\n        end;\\r\\n\\r\\n        Confirm I = /* expression */;\\r\\n    end Main;\\r\\nend BeginToReason;"}}, {"model": "core.reference", "pk": 1, "fields": {"reference_key": "Self Reference", "reference_text": "Consider the example where I = I. It's the same thing as saying 1 = 1, which is always true! What would be a nontrivial answer to this problem?"}}, {"model": "core.reference", "pk": 3, "fields": {"reference_key": "Assignment Operator", "reference_text": ":= is the assignment operator"}}, {"model": "core.reference", "pk": 4, "fields": {"reference_key": "Relational Operators", "reference_text": "Relational operators are\r\n=, <, <=, >, >="}}, {"model": "core.reference", "pk": 5, "fields": {"reference_key": "Remember Notation", "reference_text": "Values of variables such as I and J are remembered as #I and #J"}}, {"model": "core.reference", "pk": 6, "fields": {"reference_key": "Remember I", "reference_text": "At the place marked by Remember, variable I is assumed to be #."}}, {"model": "core.question", "pk": 1, "fields": {"question_text": "Immediately after Remember, what is the value of I?"}}, {"model": "core.question", "pk": 2, "fields": {"question_text": "In plain English, what is the purpose of this code?"}}, {"model": "core.question", "pk": 3, "fields": {"question_text": "What is the purpose of Remember?"}}, {"model": "core.question", "pk": 4, "fields": {"question_text": "No Question"}}, {"model": "core.mcchoice", "pk": 1, "fields": {"question": 1, "choice_text": "0"}}, {"model": "core.mcchoice", "pk": 2, "fields": {"question": 1, "choice_text": "Null"}}, {"model": "core.mcchoice", "pk": 3, "fields": {"question": 1, "choice_text": "#I"}}, {"model": "core.mcchoice", "pk": 4, "fields": {"question": 2, "choice_text": "First Option"}}, {"model": "core.mcchoice", "pk": 5, "fields": {"question": 3, "choice_text": "It has no use"}}, {"model": "core.mcchoice", "pk": 6, "fields": {"question": 3, "choice_text": "Immediately after, values of variables such as I and J are remembered as #I and #J"}}, {"model": "core.mcchoice", "pk": 7, "fields": {"question": 1, "choice_text": "Undefined"}}, {"model": "core.mcchoice", "pk": 8, "fields": {"question": 3, "choice_text": "Immediately after, values of variables become arbitrary."}}, {"model": "core.reasoning", "pk": 1, "fields": {"reasoning_name": "Initial Value", "reasoning_question": 1, "reasoning_type": "MC", "mc_set": [1, 3, 7]}}, {"model": "core.reasoning", "pk": 2, "fields": {"reasoning_name": "Remember", "reasoning_question": 3, "reasoning_type": "MC", "mc_set": [5, 6, 8]}}, {"model": "core.reasoning", "pk": 3, "fields": {"reasoning_name": "None", "reasoning_question": 4, "reasoning_type": "None", "mc_set": []}}, {"model": "core.incorrect_answer", "pk": 1, "fields": {"lesson_text": "Lesson2", "answer_type": "SIM", "answer_text": "I+J=(#I+1)+(#J-1);"}}, {"model": "core.incorrect_answer", "pk": 2, "fields": {"lesson_text": "Lesson2", "answer_type": "SIM", "answer_text": "I+J=#I+1+#J-1;"}}, {"model": "core.incorrect_answer", "pk": 3, "fields": {"lesson_text": "Lesson2", "answer_type": "SELF", "answer_text": "I+J=I+J;"}}, {"model": "core.incorrect_answer", "pk": 4, "fields": {"lesson_text": "Lesson2", "answer_type": "SELF", "answer_text": "I+J=J+I;"}}, {"model": "core.incorrect_answer", "pk": 5, "fields": {"lesson_text": "Lesson2", "answer_type": "SELF", "answer_text": "I+J=(I+1)+(J-1);"}}, {"model": "core.incorrect_answer", "pk": 6, "fields": {"lesson_text": "Lesson2", "answer_type": "SELF", "answer_text": "I+J=I+1+J-1;"}}, {"model": "core.incorrect_answer", "pk": 7, "fields": {"lesson_text": "Lesson2", "answer_type": "NUM", "answer_text": "I+J=0;"}}, {"model": "core.incorrect_answer", "pk": 8, "fields": {"lesson_text": "Lesson2", "answer_type": "NUM", "answer_text": "I+J=1;"}}, {"model": "core.incorrect_answer", "pk": 9, "fields": {"lesson_text": "Lesson2", "answer_type": "NUM", "answer_text": "I+J=-1;"}}, {"model": "core.incorrect_answer", "pk": 10, "fields": {"lesson_text": "Lesson2", "answer_type": "NUM", "answer_text": "I+J=2;"}}, {"model": "core.incorrect_answer", "pk": 11, "fields": {"lesson_text": "Lesson2", "answer_type": "NUM", "answer_text": "I+J=3;"}}, {"model": "core.incorrect_answer", "pk": 12, "fields": {"lesson_text": "Lesson2", "answer_type": "NUM", "answer_text": "I+J=4;"}}, {"model": "core.incorrect_answer", "pk": 13, "fields": {"lesson_text": "Lesson2", "answer_type": "ALG", "answer_text": "I+J=#I+#J+2;"}}, {"model": "core.incorrect_answer", "pk": 14, "fields": {"lesson_text": "Lesson2", "answer_type": "ALG", "answer_text": "I+J=#I;"}}, {"model": "core.incorrect_answer", "pk": 15, "fields": {"lesson_text": "Lesson2", "answer_type": "VAR", "answer_text": "I+J=(#I+1)+((#I+1)-1);"}}, {"model": "core.lesson", "pk": 1, "fields": {"lesson_name": "Lesson0", "lesson_title": "Constants and Assignments", "instruction": "Please complete the Confirm assertion and check correctness.", "code": 1, "reason": 3, "correct": "Lesson1", "sub_lessons_available": false, "simplify": "None", "self_reference": "None", "use_of_concrete_values": "None", "not_using_initial_value": "None", "algebra": "None", "variable": "None", "screen_record": false, "lesson_concept": [], "reference_set": [3], "incorrect_answers": [1]}}, {"model": "core.lesson", "pk": 2, "fields": {"lesson_name": "Lesson1", "lesson_title": "Sequence of Assignments", "instruction": "Please complete the Confirm assertion and check correctness.", "code": 2, "reason": null, "correct": "Lesson2", "sub_lessons_available": false, "simplify": "None", "self_reference": "None", "use_of_concrete_values": "None", "not_using_initial_value": "None", "algebra": "None", "variable": "None", "screen_record": false, "lesson_concept": [], "reference_set": [3, 4], "incorrect_answers": []}}, {"model": "core.lesson", "pk": 3, "fields": {"lesson_name": "Lesson2", "lesson_title": "Sequence of Assignments", "instruction": "Please complete the Confirm assertion(s) and check correctness.", "code": 1, "reason": 1, "correct": "Lesson3", "sub_lessons_available": true, "simplify": "Lesson3", "self_reference": "Lesson2b", "use_of_concrete_values": "Lesson2c", "not_using_initial_value": "None", "algebra": "Lesson2a", "variable": "Lesson2a", "screen_record": false, "lesson_concept": [], "reference_set": [5], "incorrect_answers": []}}, {"model": "core.lesson", "pk": 4, "fields": {"lesson_name": "Lesson2a", "lesson_title": "Lesson2a", "instruction": "Complete the activity.", "code": 1, "reason": null, "correct": "Lesson3", "sub_lessons_available": true, "simplify": "Lesson3", "self_reference": "Lesson2_1a", "use_of_concrete_values": "Lesson2_1b", "not_using_initial_value": "None", "algebra": "Lesson2_1", "variable": "Lesson2_1", "screen_record": false, "lesson_concept": [], "reference_set": [5], "incorrect_answers": []}}, {"model": "core.lesson", "pk": 5, "fields": {"lesson_name": "Lesson2b", "lesson_title": "Lesson2b", "instruction": "Complete Activity", "code": 1, "reason": 1, "correct": "Lesson3", "sub_lessons_available": true, "simplify": "Lesson3", "self_reference": "Lesson2_1a", "use_of_concrete_values": "Lesson2_1b", "not_using_initial_value": "None", "algebra": "Lesson2_1", "variable": "Lesson2_1", "screen_record": false, "lesson_concept": [], "reference_set": [3, 5], "incorrect_answers": [1, 2, 3, 4, 5, 6, 7, 8, 9, 10, 11, 12, 13, 14, 15]}}, {"model": "core.lesson", "pk": 6, "fields": {"lesson_name": "Lesson2_1", "lesson_title": "Sub Lesson", "instruction": "Step 1", "code": 3, "reason": 1, "correct": "Lesson2b", "sub_lessons_available": true, "simplify": "Lesson2b", "self_reference": "Lesson2a", "use_of_concrete_values": "Lesson2a", "not_using_initial_value": "Lesson2a", "algebra": "Lesson2a", "variable": "Lesson2a", "screen_record": false, "lesson_concept": [], "reference_set": [], "incorrect_answers": [1, 2, 3, 4, 5, 6, 7, 8, 9, 10, 11, 12, 13, 14, 15]}}, {"model": "core.lesson", "pk": 7, "fields": {"lesson_name": "Lesson2_2", "lesson_title": "Sub Part 2", "instruction": "Continue", "code": 4, "reason": 1, "correct": "Lesson2", "sub_lessons_available": false, "simplify": "Lesson To Go To", "self_reference": "Lesson To Go To", "use_of_concrete_values": "Lesson To Go To", "not_using_initial_value": "Lesson To Go To", "algebra": "Lesson To Go To", "variable": "Lesson To Go To", "screen_record": false, "lesson_concept": [], "reference_set": [3], "incorrect_answers": []}}, {"model": "core.lessonset", "pk": 3, "fields": {"set_name": "2150 Tutor", "set_description": "This set is designed to further your understanding", "lessons": [1, 2, 3, 4, 5, 6, 7]}}, {"model": "social_django.usersocialauth", "pk": 1, "fields": {"user": 1, "provider": "google-oauth2", "uid": "MEFOWLE@g.clemson.edu", "extra_data": "{\"auth_time\": 1600019852, \"expires\": 3599, \"token_type\": \"Bearer\", \"access_token\": \"ya29.a0AfH6SMAvbG3Ivlo9VSTrBy_nS7HB-xVyazCMyX_FV5UlU9jTyRRSEnTRRcVHvbhcBIpk2RAqfEc4xlhvfcBqmyDXSDwCa3eO2HPeA0pozaZ294LqDLiPyUH0laRx5fJkmlD5wT0DO9smwSBHBfKY7lDtINOurWCTA0Y\"}", "created": "2020-09-01T01:47:27.554Z", "modified": "2020-09-13T17:57:32.355Z"}}]